1981-2010 Mean,Mean DBO 1,Sample SD DBO 1,Mean DBO 2,Sample SD DBO 2,Mean DBO 3,Sample SD DBO 3,Mean DBO 4,Sample SD DBO 4,Mean DBO 5,Sample SD DBO 5,Mean DBO6,Sample SD DBO 6,Mean DBO 7,Sample SD DBO 7,Mean DBO 8 ,Sample SD DBO 8 
1-Jan,65.45492,10.495534,91.98467,1.053363,98.42581,0.783332,97.78947,1.490948,96.60875,1.417212,99.16333,0.344973,97.85333,0.444412,99.395,0.412355
2-Jan,66.89687,9.769233,92.51356,1.465756,98.26131,0.797419,98.16827,1.217001,97.16292,1.168007,99.09018,0.2857,98.32183,0.386929,99.32796,0.431735
3-Jan,68.68949,9.942298,93.37933,1.735125,98.12884,0.84984,98.5152,0.964842,97.26958,0.995302,99.21632,0.367417,98.72867,0.393568,99.07204,0.621836
4-Jan,70.19631,10.406727,94.06267,1.174638,98.13389,0.82894,98.2524,1.039123,96.54375,1.173838,99.27772,0.339501,98.62033,0.439781,99.01056,0.66187
5-Jan,70.90226,10.807537,94.55045,0.955596,98.45823,0.722509,98.24053,1.199678,96.73,1.235015,99.28562,0.239706,98.73867,0.346275,99.38463,0.513704
6-Jan,73.41292,10.225951,95.018,0.94484,98.60424,0.803029,98.78,0.649597,97.505,0.90183,99.14895,0.243608,98.89783,0.229648,99.48019,0.436213
7-Jan,73.51503,9.31201,94.76467,0.801947,98.70672,0.608328,98.89053,0.666899,97.7725,0.662321,99.38351,0.24539,98.90133,0.326052,99.50278,0.425919
8-Jan,72.84431,8.276955,94.76867,0.79371,98.65697,0.799614,98.22853,1.290591,96.92834,0.882232,99.37544,0.195295,99.057,0.297075,99.49667,0.374168
9-Jan,74.0098,7.647359,96.75955,0.637898,98.94788,0.58986,97.89907,1.266953,97.14583,0.949196,99.18263,0.282627,99.03833,0.263447,99.34667,0.375292
10-Jan,75.40928,7.659424,97.67644,0.529784,98.95596,0.492652,98.26414,1.201372,97.15875,1.247385,99.09632,0.336988,98.6525,0.232583,99.29852,0.37065
11-Jan,77.67892,7.641433,97.89667,0.467387,98.90162,0.370608,98.1832,1.466954,96.66583,1.534292,99.09421,0.353454,98.64417,0.220361,99.38519,0.5192
12-Jan,80.24267,7.263747,97.88978,0.436994,98.94545,0.313842,98.00667,1.384298,96.57417,1.344496,99.15895,0.349789,98.8595,0.270337,99.48556,0.434194
13-Jan,81.056,7.107162,97.986,0.393259,98.93434,0.363149,98.38187,1.194552,96.93125,1.297306,99.30667,0.225111,98.94383,0.309448,99.46056,0.405685
14-Jan,82.05554,6.936589,98.42333,0.442965,98.98773,0.42395,98.29333,1.331844,96.695,1.260514,99.25263,0.223012,99.11283,0.288914,99.3713,0.339758
15-Jan,82.80754,6.56192,98.42556,0.356494,98.9103,0.495821,98.4388,1.135267,97.11292,0.896514,98.93877,0.789325,98.89833,0.256066,99.42907,0.391763
16-Jan,83.344,6.219372,97.76467,0.538894,98.98273,0.486969,98.59187,0.916828,97.00292,1.375619,99.18158,0.263461,99.02067,0.334159,99.29389,0.56596
17-Jan,82.70328,5.764783,97.76822,0.528064,99.1352,0.486461,98.50547,1.06932,96.51958,1.579777,99.02316,0.31891,99.13133,0.304245,99.38796,0.368896
18-Jan,83.16318,5.70581,97.39889,0.722449,99.07657,0.677683,98.11693,1.321107,96.75625,1.7978,99.05948,0.425388,98.76167,0.359236,99.28148,0.41566
19-Jan,84.0899,5.244717,97.58778,0.847248,99.03641,0.695714,97.52454,1.626732,96.52125,1.679687,98.82702,0.422158,98.83733,0.221387,99.14445,0.424618
20-Jan,85.3559,5.161352,97.92356,0.515074,98.93308,0.740198,97.49213,1.933018,96.24458,2.003071,98.88474,0.330466,98.6065,0.274352,99.13833,0.483762
21-Jan,87.40364,4.621233,98.25178,0.404152,99.05369,0.706029,97.78454,1.810137,96.31167,1.760263,98.90632,0.30583,98.69633,0.245691,99.18241,0.407806
22-Jan,88.61436,4.539125,98.40467,0.461963,98.97606,0.601954,98.092,1.306733,96.85083,1.52817,98.86982,0.246427,99.2245,0.253398,99.20889,0.422816
23-Jan,89.39292,4.51945,98.104,0.462953,98.99818,0.501557,98.62214,0.810413,97.51583,0.909317,99.15912,0.189587,99.21017,0.314443,99.19574,0.263948
24-Jan,89.074,5.294348,97.99267,0.646245,98.9047,0.540706,98.8336,0.504641,97.9025,0.681124,99.22439,0.185154,99.13633,0.336516,99.12574,0.461321
25-Jan,89.39077,5.297048,98.26533,0.459908,99.17273,0.39989,98.9768,0.499944,97.91875,0.669392,99.38719,0.222242,99.1345,0.388501,99.10315,0.629353
26-Jan,90.03098,5.17104,98.15289,0.36048,99.23647,0.330514,99.1404,0.362427,98.37709,0.48896,99.28807,0.232335,99.23533,0.37808,99.22074,0.419432
27-Jan,90.55144,4.932843,97.99178,0.515424,99.26268,0.35608,99.3052,0.327104,98.55625,0.31122,99.35912,0.280294,99.105,0.31897,99.14333,0.368156
28-Jan,91.00164,4.348334,98.41578,0.345057,99.23844,0.377611,99.43813,0.182646,98.9675,0.290429,99.47684,0.250894,99.17383,0.337429,99.28185,0.392306
29-Jan,90.92651,3.237288,98.30889,0.341441,99.07056,0.368377,99.3716,0.186024,98.90708,0.417998,99.44667,0.253193,99.27483,0.349468,99.44667,0.356384
30-Jan,90.34446,2.900271,97.85911,0.690286,99.10707,0.498926,99.34027,0.32504,98.70583,0.410776,99.34123,0.210548,99.22083,0.257875,99.58982,0.227465
31-Jan,90.28923,2.853628,98.01444,0.850142,99.12303,0.571366,99.24894,0.408318,98.57792,0.491451,99.44755,0.269596,99.203,0.326986,99.44759,0.295971
1-Feb,91.15749,2.436076,97.84067,1.072024,99.08116,0.369999,99.02613,0.424772,97.81458,0.584584,99.59684,0.237215,99.23467,0.210618,99.47445,0.274271
2-Feb,91.56897,1.857582,97.14978,1.010332,98.99303,0.384403,99.00973,0.299849,97.81125,0.761583,99.43281,0.281529,99.00183,0.247162,99.48907,0.263714
3-Feb,91.86554,1.675871,96.72111,0.720482,98.99081,0.333884,99.33853,0.397481,97.84167,0.579678,99.40807,0.276463,99.05417,0.25943,99.40982,0.443867
4-Feb,92.19559,1.788652,96.92644,0.582152,98.95955,0.353758,99.1792,0.750759,98.17083,0.783655,99.38789,0.261246,99.20883,0.279696,99.26611,0.34537
5-Feb,91.49318,2.039038,96.872,0.757302,99.04556,0.318563,99.1176,0.506707,97.84583,0.699768,99.35333,0.252843,99.3,0.218356,99.06852,0.335371
6-Feb,90.36513,2.686039,96.50333,0.938376,99.16409,0.402886,98.6368,0.621686,97.23667,0.843931,99.2821,0.371352,99.03017,0.288964,98.74278,0.511292
7-Feb,89.85046,2.760984,96.39578,0.802489,99.14884,0.3852,98.58173,0.877466,96.48458,1.502441,99.14474,0.312385,99.007,0.34068,99.1513,0.366295
8-Feb,90.27656,2.343703,97.49089,0.699097,99.08217,0.385809,99.10627,0.314218,97.5225,1.016043,99.23544,0.371771,99.256,0.35865,99.29,0.376166
9-Feb,90.51149,2.366038,98.38933,0.384533,99.21106,0.443837,99.21667,0.24716,98.08834,0.614238,99.29983,0.333415,99.30483,0.332899,99.2963,0.359086
10-Feb,91.0259,2.262453,98.48956,0.345758,99.12879,0.331292,99.2928,0.368172,97.9975,0.868003,99.19,0.358611,99.3045,0.342529,99.19296,0.365008
11-Feb,91.54646,2.269987,98.81533,0.357007,99.10525,0.390172,99.16733,0.469001,98.0325,0.855878,99.04684,0.292784,99.19633,0.277434,99.20889,0.561307
12-Feb,91.17826,2.712796,98.36511,0.697447,98.95712,0.430737,98.96893,0.647584,97.81333,0.940253,99.08737,0.324748,99.12683,0.289024,99.15704,0.562944
13-Feb,90.41872,3.339252,97.72045,0.745111,98.9699,0.373916,98.83213,1.02597,97.92458,0.995864,99.23667,0.409769,99.09067,0.340501,99.04019,0.434165
14-Feb,90.63144,2.904105,97.07311,0.616878,98.8802,0.49404,98.81613,0.888232,97.38375,1.124248,99.23035,0.361462,99.076,0.542131,99.04148,0.413918
15-Feb,91.19487,2.833514,96.85333,0.787665,98.75278,0.576058,98.8396,0.822169,97.74167,0.744004,99.22088,0.283477,98.968,0.383107,99.10463,0.485659
16-Feb,91.36697,2.177962,96.76311,0.917979,98.59914,0.506288,98.50453,1.097775,97.57625,0.918776,99.14965,0.348543,99.02367,0.291024,99.11963,0.397038
17-Feb,91.51195,2.058264,96.69933,0.960423,98.81253,0.470038,98.3956,0.97497,97.87,0.724663,98.79333,0.406664,99.19733,0.396171,99.17833,0.47805
18-Feb,91.45687,2.293856,96.53,1.180444,98.77445,0.496027,98.7072,0.800235,98.3925,0.504032,99.08228,0.225975,99.258,0.392697,99.36315,0.410667
19-Feb,92.73138,1.78756,96.72111,1.015666,98.66944,0.500203,99.02173,0.545372,98.49625,0.435599,99.26579,0.296283,99.31883,0.423204,99.36426,0.361601
20-Feb,93.41769,1.523323,97.79067,0.718629,98.94965,0.308354,99.28773,0.422257,98.525,0.442898,99.33386,0.289965,99.052,0.312991,99.28222,0.467906
21-Feb,93.85708,1.191877,98.17733,0.514532,98.89227,0.375882,99.33,0.52419,98.60083,0.294477,99.44684,0.350389,99.1525,0.466224,99.32056,0.428239
22-Feb,94.09569,1.21761,97.40778,0.654078,98.88894,0.363495,99.11347,0.546795,98.26625,0.445288,99.44526,0.194807,99.303,0.262135,99.20278,0.514884
23-Feb,94.08256,1.496562,97.07244,0.726044,98.74919,0.321826,99.07853,0.388126,98.96792,0.524091,99.57228,0.224643,99.50767,0.242411,99.37815,0.492271
24-Feb,93.89877,1.83193,97.248,0.745801,98.92838,0.308653,99.3524,0.265958,98.97292,0.334358,99.55281,0.214738,99.46817,0.274208,99.27296,0.364507
25-Feb,93.80313,1.946855,97.714,0.613559,98.71889,0.334935,99.30133,0.216668,98.82667,0.38647,99.44667,0.193251,99.48,0.220838,99.33482,0.37388
26-Feb,94.36641,2.366621,98.02822,0.603967,98.64409,0.254447,99.14747,0.307138,98.5475,0.475011,99.12421,0.265674,99.2625,0.275559,99.20593,0.403023
27-Feb,94.46174,2.129911,97.95689,0.68316,98.71187,0.340716,99.2072,0.281191,98.60542,0.481882,99.19105,0.324656,99.2365,0.254094,99.05093,0.266857
28-Feb,94.29056,2.048536,98.18622,0.530669,98.63551,0.470337,99.29413,0.211492,98.62208,0.581449,99.27877,0.263649,99.434,0.280919,98.96407,0.488852
29-Feb,96.45231,2.512794,97.61524,1.092773,99.13182,0.688938,99.15429,0.514483,98.71786,0.561482,99.50902,0.277182,99.755,0.392745,99.33175,0.51802
1-Mar,93.79405,1.431675,98.01822,0.592395,98.45899,0.499742,99.27,0.241536,98.54333,0.535911,99.39439,0.277317,99.35767,0.408976,98.83926,0.594481
2-Mar,94.66549,1.649064,98.15711,0.613313,98.53934,0.394648,99.28027,0.344086,98.565,0.400937,99.42281,0.206217,99.4845,0.24982,98.86574,0.515948
3-Mar,95.79939,1.92774,98.36,0.422484,98.84192,0.404091,99.2372,0.456444,97.97375,0.826034,99.3714,0.265025,99.36417,0.317026,99.00889,0.525988
4-Mar,95.05159,1.901943,98.492,0.372985,99.11621,0.362606,99.37453,0.309228,98.55625,0.571801,99.21403,0.289411,99.36233,0.43695,99.13463,0.559238
5-Mar,94.422,1.695619,98.59845,0.420723,99.13389,0.313722,99.26333,0.296219,98.86625,0.468103,99.35509,0.343517,99.39017,0.278932,99.01611,0.571444
6-Mar,94.48595,1.751953,98.60867,0.454244,98.90571,0.302696,99.33,0.271105,98.87083,0.317085,99.43772,0.230819,99.59983,0.25217,99.26648,0.549344
7-Mar,94.26585,1.938191,98.55911,0.482898,98.73939,0.398341,99.31907,0.225682,98.79083,0.336319,99.61456,0.213861,99.55234,0.309774,99.15148,0.43544
8-Mar,93.69118,1.824223,98.48956,0.384137,98.75465,0.408969,99.2216,0.242401,98.7825,0.191649,99.5,0.289085,99.46817,0.273222,99.2763,0.373491
9-Mar,93.31174,1.712731,98.17467,0.678809,98.75343,0.437077,99.21,0.416501,98.24834,0.482809,99.20298,0.358023,99.12067,0.364874,99.095,0.355285
10-Mar,93.34,1.439752,98.09644,0.824749,98.86889,0.360056,99.22027,0.490866,97.28875,0.736848,99.2386,0.426259,99.12433,0.369181,99.17259,0.368858
11-Mar,93.39882,1.441484,98.13978,0.560823,98.74732,0.458578,99.11707,0.620314,97.5275,0.980254,99.00456,0.42673,99.17283,0.453944,99.24296,0.379068
12-Mar,93.73339,1.441382,98.22111,0.42073,98.56914,0.494472,99.0144,0.507721,98.09292,0.772761,99.14105,0.311983,99.31717,0.297876,99.19833,0.283232
13-Mar,93.73933,1.416507,98.05956,0.739295,98.75889,0.353184,99.01387,0.50654,98.74,0.616343,99.41526,0.24031,99.26733,0.340136,99.16389,0.379763
14-Mar,94.08005,1.470023,97.66756,0.613818,98.98434,0.320743,99.30227,0.411501,98.7925,0.393033,99.52017,0.232861,99.47233,0.420971,99.23333,0.537878
15-Mar,94.53651,1.509802,97.63911,0.677029,99.04748,0.343686,99.32293,0.373401,98.78875,0.285446,99.42246,0.31067,99.38767,0.372205,99.1813,0.49244
16-Mar,94.40339,1.811117,97.65244,0.776814,99.01672,0.354678,99.2716,0.402415,98.30833,0.362768,99.18579,0.232483,99.21733,0.36666,99.32019,0.417359
17-Mar,94.70692,1.842697,97.36111,0.908488,98.80914,0.399468,99.07107,0.594031,97.76292,0.578238,99.18053,0.344801,99.272,0.381224,99.37519,0.386519
18-Mar,94.47256,1.918728,97.296,0.845693,98.81732,0.367143,98.894,0.727001,97.3775,0.990343,99.26158,0.31605,99.435,0.293132,99.33333,0.328471
19-Mar,94.85051,2.022543,97.19489,0.618126,98.75793,0.488436,98.8808,0.469127,97.57375,0.886392,99.45544,0.218258,99.24517,0.312426,99.2637,0.206447
20-Mar,95.28154,2.267023,97.24889,0.669398,98.67515,0.481435,98.99933,0.427016,97.6975,0.760998,99.30754,0.200304,99.31783,0.397643,99.25407,0.331462
21-Mar,95.39118,1.876785,97.548,0.661594,98.64763,0.393067,99.14027,0.309542,98.30583,0.558826,99.33614,0.286114,99.409,0.330403,99.22759,0.358876
22-Mar,95.15867,1.63303,97.206,0.620461,98.74662,0.38752,98.95813,0.210062,98.40375,0.383458,99.35912,0.284326,99.25867,0.328975,99.21037,0.414243
23-Mar,95.64467,1.712996,97.34911,0.709296,98.87167,0.339624,98.87453,0.332146,98.32792,0.343332,99.36491,0.353967,99.36317,0.341547,99.14352,0.275393
24-Mar,96.01328,1.970934,97.30711,0.67093,98.90505,0.405642,98.9024,0.361143,97.91917,0.676792,99.1186,0.409829,99.467,0.329791,99.05722,0.228479
25-Mar,96.114,2.46962,97.50933,0.802695,98.82268,0.46389,99.01333,0.451556,98.21125,0.664769,99.17491,0.370692,99.42217,0.304999,98.82871,0.319754
26-Mar,96.10097,2.540676,97.30156,0.55093,98.73616,0.388441,99.04947,0.380558,98.225,0.462321,99.15754,0.31561,99.408,0.211705,98.81222,0.397544
27-Mar,95.80415,2.82505,96.86444,0.719375,98.7901,0.446618,99.18027,0.360675,98.41667,0.522948,99.21965,0.249255,99.37217,0.249471,98.8737,0.352086
28-Mar,95.57841,2.397754,96.81756,0.420578,98.76546,0.490156,99.24827,0.284289,98.69208,0.484951,99.46105,0.198106,99.42767,0.222006,98.88074,0.427702
29-Mar,96.03159,1.797211,96.994,0.358794,99.01581,0.46671,99.28693,0.369732,98.69792,0.723343,99.38053,0.304194,99.42683,0.328863,98.92685,0.432186
30-Mar,96.07097,1.612764,97.07933,0.464962,99.15298,0.468795,99.29347,0.28772,98.81834,0.424604,99.43825,0.369668,99.455,0.402147,98.82722,0.447339
31-Mar,96.17523,1.835319,97.28222,0.49415,99.32328,0.411358,99.26107,0.371883,98.61792,0.532206,99.38842,0.31828,99.46783,0.314657,99.19611,0.31931
1-Apr,95.92097,2.180371,96.95156,0.835036,99.34934,0.358781,99.16987,0.373505,98.65708,0.436172,99.05175,0.257937,99.32917,0.299995,99.33667,0.415595
2-Apr,95.83769,2.376453,96.94889,0.754509,99.35394,0.373781,99.17307,0.305239,98.40625,0.611445,98.96368,0.386965,99.21217,0.350659,99.18278,0.27452
3-Apr,95.95251,2.548589,97.25533,0.847485,99.41551,0.327765,99.24933,0.189416,98.52083,0.362679,99.11421,0.322403,99.142,0.390828,98.56667,0.516578
4-Apr,95.74421,2.233776,97.35222,0.807906,99.39273,0.293263,99.248,0.351931,98.33833,0.541744,99.1879,0.321929,99.17184,0.269314,98.36648,0.619856
5-Apr,95.56698,2.363084,96.91489,1.341674,99.20248,0.3167,99.2768,0.297853,98.4825,0.571878,99.23877,0.237355,99.21033,0.331615,98.30167,0.583925
6-Apr,95.34246,2.486193,96.16711,1.543962,99.09278,0.43831,99.134,0.344919,98.64542,0.463189,99.27596,0.275205,99.20183,0.295721,98.37278,0.60188
7-Apr,94.98026,2.615042,95.60911,1.43018,98.91101,0.543151,98.99747,0.318498,98.45542,0.416818,99.21719,0.221089,99.275,0.232302,98.44852,0.537678
8-Apr,95.09605,2.628372,94.82978,1.41035,98.84344,0.358202,98.83013,0.34248,98.555,0.449006,99.19333,0.326416,99.26833,0.323023,98.49741,0.545641
9-Apr,95.24174,2.614953,94.72533,1.620303,99.06343,0.42824,98.89533,0.220839,98.97958,0.294272,99.28825,0.31128,99.19917,0.255069,98.47407,0.476305
10-Apr,94.85446,2.864056,94.91111,1.804718,98.99778,0.415923,98.7228,0.245777,98.81167,0.502341,99.22035,0.342126,99.4115,0.214013,98.65667,0.461204
11-Apr,94.48487,3.358802,95.00178,1.304168,98.93828,0.280922,98.84747,0.250864,98.61958,0.409473,99.13228,0.321769,99.52267,0.255639,98.95556,0.342282
12-Apr,93.59436,3.842138,94.46111,1.485203,99.06571,0.363707,98.9244,0.265277,98.33958,0.595017,99.1807,0.218566,99.7215,0.206641,99.11352,0.272151
13-Apr,93.50769,3.873898,94.28511,1.841959,98.82636,0.401138,99.01427,0.379908,98.05542,0.614858,99.11614,0.300134,99.53483,0.191276,99.0937,0.318842
14-Apr,91.6559,4.449216,94.17511,2.071995,98.63288,0.502022,99.0012,0.372446,98.265,0.396116,99.21807,0.246279,99.45433,0.269623,98.80926,0.285058
15-Apr,90.40462,4.767905,93.17156,2.147427,98.42934,0.59386,98.9024,0.357539,98.64,0.304855,99.16386,0.224989,99.42617,0.326892,98.25796,0.454782
16-Apr,89.0079,5.205566,92.984,2.097619,98.52162,0.55591,98.95253,0.24977,98.68375,0.184859,99.03263,0.281389,99.34383,0.234144,98.33667,0.486321
17-Apr,89.42451,4.735433,92.536,2.001451,98.45359,0.512978,98.94587,0.27496,98.16542,0.443547,99.02053,0.37106,99.28667,0.209628,97.94759,0.62047
18-Apr,88.15149,4.807888,92.388,2.32591,98.62556,0.509092,99.16107,0.306152,97.96542,0.691341,98.72912,0.442866,99.2905,0.245247,97.51074,0.700911
19-Apr,88.19441,4.75271,92.25156,2.282705,98.77177,0.412962,98.9524,0.617467,97.39209,0.710571,98.82017,0.417006,99.07,0.274883,97.635,0.681347
20-Apr,87.46139,5.478575,91.93245,2.345958,98.81465,0.433171,98.90147,0.637584,97.76667,0.605918,98.81018,0.42607,99.19483,0.282632,97.06778,0.800891
21-Apr,87.1879,5.499056,92.42333,2.098135,99.03182,0.383273,99.10427,0.590167,98.18542,0.673088,98.99807,0.275224,99.46933,0.235792,96.91241,0.70202
22-Apr,85.37718,6.646266,92.46578,2.335274,99.1097,0.354936,99.0132,0.650827,98.23375,0.676203,99.24807,0.25064,99.60317,0.236902,97.21278,0.616294
23-Apr,83.49108,7.991793,91.30711,2.484097,98.98874,0.493804,98.82373,0.784697,98.2075,0.533456,99.39912,0.20871,99.60117,0.128265,96.96537,0.674431
24-Apr,82.31272,8.179744,90.24978,2.053315,98.81434,0.522844,98.84867,0.567561,97.87042,0.672023,99.23807,0.198853,99.43433,0.279314,96.82685,0.710899
25-Apr,81.54287,7.966319,90.16022,2.323854,98.79732,0.432922,98.55373,0.783728,97.64625,0.536207,99.12649,0.254876,99.1535,0.502508,97.22204,0.72004
26-Apr,80.85959,7.557008,89.45911,3.648608,98.78061,0.508176,98.69067,0.79266,97.38958,0.615866,98.66912,0.357952,99.14283,0.458241,96.72426,0.801559
27-Apr,78.32467,8.06201,88.09244,4.316594,98.57374,0.644829,98.44187,1.178292,97.34208,0.73716,98.68175,0.397309,99.22517,0.338396,96.1813,1.305306
28-Apr,74.6921,8.565217,86.15378,5.345005,98.54288,0.733972,98.35213,1.16144,97.86792,0.767553,98.96088,0.311051,99.39817,0.271277,95.87593,1.649026
29-Apr,72.49913,8.630845,84.57711,6.080273,98.21485,0.91413,98.15853,1.24153,98.04583,0.669463,99.28369,0.335427,99.26133,0.336938,95.60148,1.709043
30-Apr,71.21308,8.952218,82.68489,5.774727,98.29914,0.775402,98.13333,1.438091,97.51125,0.92951,99.12649,0.203288,99.15367,0.295495,94.78259,1.937022
1-May,68.57503,9.473405,78.91978,6.43899,98.26505,0.819488,97.85693,1.583238,96.95,1.163765,99.01632,0.27776,99.20733,0.273459,94.94519,1.807457
2-May,65.7081,9.587924,76.17689,6.795166,98.25748,1.057227,97.94613,1.708899,96.91167,0.931205,99.11439,0.30874,99.29467,0.317454,94.59815,1.928856
3-May,61.96697,9.422294,74.39356,6.969618,98.23268,1.172565,97.71267,1.920651,96.75167,1.470279,99.14123,0.220468,99.1785,0.332662,94.89426,1.936154
4-May,60.05313,9.672934,73.50756,6.690876,97.80389,1.628316,96.9956,2.63171,96.18459,1.799894,99.10158,0.266713,99.145,0.21274,94.78056,1.754458
5-May,57.38944,10.057117,71.068,7.792534,96.91687,2.208462,96.86933,2.736438,95.375,2.452499,98.8607,0.297145,99.13234,0.26472,94.98333,1.983146
6-May,55.75262,9.8762,67.66089,8.238216,96.25909,2.727713,96.38653,2.977555,95.37417,2.166183,99.00702,0.288108,99.23967,0.285188,94.00685,2.533028
7-May,53.42062,9.827022,63.27756,8.140734,95.75535,3.034174,95.54653,3.718698,94.82083,2.421928,98.83719,0.216666,99.18817,0.277861,94.14852,2.472928
8-May,51.54892,9.554156,60.66711,8.341354,94.91197,3.779593,95.2636,4.012421,94.00708,2.719186,98.56176,0.372133,99.217,0.265861,94.905,1.876382
9-May,48.03508,9.252037,56.56889,9.795894,93.82182,5.212831,95.20213,4.340948,93.19417,3.057249,98.7186,0.315062,99.1645,0.337358,95.10648,1.793036
10-May,45.46221,9.5067,52.85044,9.238821,92.67737,6.144512,95.2528,4.093681,92.685,3.215615,98.59702,0.470105,99.08683,0.325211,94.61019,2.024718
11-May,44.19805,9.023413,49.85844,8.808812,91.2404,6.545003,95.2912,4.020055,92.895,2.922761,98.33439,0.91686,99.042,0.197399,93.81852,2.204785
12-May,41.65456,8.130328,47.61267,8.051769,90.08682,6.57983,95.706,3.852348,93.385,2.625066,98.59684,0.317454,99.0035,0.245424,93.46722,2.243133
13-May,39.68282,6.879526,45.94445,7.86095,89.42202,7.032205,95.45813,4.001066,93.695,2.566782,98.57877,0.429243,98.80933,0.276839,93.24278,2.024561
14-May,37.27046,5.862178,42.00756,8.997486,88.26849,7.352566,94.88867,4.511387,93.73708,2.809878,98.88754,0.314155,98.93833,0.393075,92.36074,2.526062
15-May,34.72185,5.596097,38.126,7.816005,87.69833,7.936232,93.658,5.15419,93.89417,2.665478,99.19193,0.260451,99.2185,0.243615,91.40648,2.805327
16-May,31.49785,5.388931,35.83756,8.113331,87.00596,8.546766,93.52853,5.480166,94.28917,2.999858,99.30351,0.30603,99.32933,0.232614,90.04518,2.775137
17-May,28.14723,5.450159,33.80289,7.539761,85.25606,8.776072,92.81453,6.3233,94.39167,2.571153,98.93526,0.27529,99.08433,0.504196,88.80981,2.888733
18-May,25.84862,5.431492,32.14133,7.419808,82.8049,9.483355,92.1692,7.155453,93.34542,3.109754,98.87737,0.356118,99.01367,0.455194,87.6113,3.152942
19-May,24.25867,5.668557,29.372,7.615019,80.86278,9.365163,92.15907,7.277142,92.44,2.889123,99.02298,0.314197,99.2575,0.333577,85.36963,3.680914
20-May,21.88118,5.219072,25.85956,5.683244,77.98975,9.290668,91.90867,7.512798,91.93167,3.48964,98.9193,0.289743,99.285,0.273941,83.98074,4.047271
21-May,19.56123,5.211728,22.51689,3.846216,75.99545,9.784941,91.96147,7.370758,91.91042,3.617375,98.55456,0.284113,99.29617,0.231153,82.66982,3.983553
22-May,18.13215,4.990248,19.278,3.223029,74.37429,10.257856,92.1032,7.042936,91.76875,2.85876,98.64754,0.286832,99.1285,0.351314,81.25667,4.312828
23-May,16.84431,4.650424,18.19067,3.301388,72.31955,10.243654,92.45173,7.036524,92.50792,2.557496,98.47842,0.511088,98.78567,0.527319,80.38167,4.437684
24-May,14.63256,4.019309,16.814,4.184922,70.30207,10.247239,92.11547,6.600613,92.19583,2.908694,98.48,0.558254,98.69783,0.742345,79.42444,4.661223
25-May,12.59472,3.95761,15.06444,4.239561,68.42884,10.177777,91.11227,7.076241,91.71792,3.255186,98.4214,0.487561,98.53433,0.682428,78.18537,5.083511
26-May,11.22723,3.636283,14.15978,4.022864,66.70364,10.635171,90.29,7.748068,92.34083,3.11203,98.57597,0.376682,98.38517,0.897595,76.48,5.651577
27-May,9.655077,3.353616,13.59022,2.911712,65.1697,10.896167,89.67987,7.993814,91.97417,3.561412,98.77965,0.354571,97.33267,1.930384,74.67056,6.324534
28-May,8.506718,3.586987,11.47533,2.203236,62.13177,11.972338,89.60573,8.081762,91.01333,3.95825,99.06246,0.485536,96.7525,2.25395,73.65944,6.170587
29-May,7.357949,3.273048,9.655556,2.745171,59.09167,13.574132,89.4676,8.487401,90.13875,3.696887,98.87421,0.484736,96.47883,1.757206,71.23333,5.713517
30-May,6.427231,2.703744,7.807333,2.647282,56.93657,14.125151,89.58973,9.009206,89.38375,4.131742,98.79123,0.418858,96.60817,1.423682,69.805,6.69826
31-May,5.367795,2.359857,6.21,1.996371,54.21556,14.419662,89.7796,9.012729,88.93084,3.974861,98.94088,0.390048,95.801,1.571799,68.73722,7.119201
1-Jun,5.418103,2.004772,7.132444,1.882969,52.89672,14.699215,89.76147,8.966562,88.9825,4.011051,98.5086,0.446453,95.20183,1.495236,68.01778,6.524581
2-Jun,5.10241,1.850805,7.105778,1.66084,50.93419,14.448783,88.62,9.799931,90.44417,3.779321,98.08895,0.410462,94.754,1.592699,65.40445,6.844601
3-Jun,4.098821,2.219547,6.384,1.735183,48.95242,14.375823,87.96893,10.348727,91.04625,3.631346,97.86246,0.731323,94.70733,1.8779,62.63611,6.999509
4-Jun,3.105487,1.84506,5.061111,1.993455,46.70273,13.522849,86.61013,10.367325,91.08792,3.477242,97.26123,0.880809,94.7735,2.023424,62.20722,6.663671
5-Jun,2.406,1.589532,4.665333,1.705839,44.41662,12.72504,86.8792,9.505169,91.14333,3.716575,97.03386,1.134241,94.27017,2.259196,60.66852,6.980215
6-Jun,2.299897,1.688417,3.998667,1.682989,42.0049,12.475138,86.93254,9.38114,88.89958,4.430359,96.17439,0.994746,92.35017,2.553601,58.17796,7.027504
7-Jun,1.761128,1.881202,3.686889,1.894847,39.88657,12.472194,85.66893,9.046108,87.97333,4.218478,95.1521,1.132518,91.27533,2.245463,56.03815,6.050961
8-Jun,1.582615,1.43102,3.445778,1.857337,37.94455,12.48434,84.83933,8.7977,87.12917,4.561718,94.54719,1.181857,90.6165,2.792331,54.98296,6.312595
9-Jun,1.091692,1.214463,3.380889,1.806765,35.47874,11.982554,84.43533,8.980271,87.95458,4.504241,94.74018,1.407338,90.585,3.269435,55.34185,6.602257
10-Jun,0.672308,0.859141,2.870667,1.516665,33.29662,11.560994,84.13827,9.216082,88.02042,4.341481,94.67965,1.858313,90.06267,3.003323,53.81444,6.732575
11-Jun,0.717436,0.931537,1.960444,0.976445,31.0504,11.792571,82.5928,9.532013,88.09875,3.804161,94.16947,2.032965,89.10167,3.348663,51.90537,7.04858
12-Jun,0.463744,0.704892,1.519111,0.925427,28.0353,10.990717,79.94347,9.946843,86.80875,3.4915,93.63351,2.183967,87.3805,3.41149,51.45278,7.964602
13-Jun,0.526615,0.794474,1.339556,1.045987,25.81005,10.081497,77.4588,10.146829,85.38417,3.627765,93.5407,2.503057,86.57584,3.065509,50.5,8.744447
14-Jun,0.380769,0.587667,1.344222,1.011225,23.64035,9.71449,77.33133,9.819073,84.30167,3.430748,92.97597,2.262975,85.9105,3.078842,49.30296,8.250833
15-Jun,0.511385,0.869735,1.308889,1.183198,22.03647,9.893083,76.2156,9.327825,83.84833,3.956816,92.64632,2.265352,85.4795,3.243558,49.74778,8.768407
16-Jun,0.238205,0.41724,0.942444,0.978464,19.93545,9.622544,75.59653,8.900096,83.18833,3.715363,92.01947,2.491824,84.40533,3.319731,50.9563,9.154236
17-Jun,0.203692,0.374903,0.611556,0.840308,18.61616,9.400451,75.3068,8.552303,83.3625,3.451913,91.62965,2.279397,83.23717,3.687925,50.32185,9.083343
18-Jun,0.246718,0.45647,0.078222,0.244501,16.93202,8.524617,75.36867,8.546187,83.57833,3.533076,92.72228,1.808303,83.5065,3.408304,49.18463,9.79464
19-Jun,0.138359,0.348984,0,0,15.47545,7.79479,74.8016,8.631197,83.315,3.999538,93.55947,1.896579,84.16183,3.617516,49.24389,9.62991
20-Jun,0.013026,0.105016,0,0,14.59439,7.392768,74.7644,8.203262,83.0275,3.943981,93.14158,2.066864,83.466,3.714491,49.59796,9.490365
21-Jun,0.019231,0.155043,0,0,13.61359,7.349478,75.02267,8.109242,83.6825,3.614775,93.31842,1.880584,82.73183,3.830537,49.39648,9.483908
22-Jun,0.025385,0.204657,0,0,12.66576,7.324274,75.3752,8.764254,84.65292,3.874159,93.4007,1.8824,82.11483,3.95941,49.32963,9.059265
23-Jun,0.005846,0.047133,0,0,11.75071,7.16058,74.77467,9.370431,84.32708,3.88211,93.02175,1.85316,80.51167,3.919114,47.69,8.876331
24-Jun,0,0,0,0,10.77611,6.767774,73.78813,9.658629,83.85792,4.282708,92.68,2.018899,79.8395,4.459855,45.84481,8.575374
25-Jun,0,0,0,0,9.294444,6.056835,73.2128,10.137737,84.31875,4.140332,92.4379,1.993222,80.07917,3.933373,46.37482,8.460774
26-Jun,0,0,0,0,8.112879,5.350658,73.35853,10.632719,84.68542,3.633208,91.59298,2.128508,79.34167,4.398479,45.95519,8.054357
27-Jun,0,0,0.033778,0.130821,7.514545,5.212884,73.2092,10.348809,85.50333,4.008838,92.04193,1.944221,78.77967,4.669092,45.06907,8.540993
28-Jun,0,0,0.067778,0.262502,6.858586,5.352455,73.99547,10.337008,85.75417,3.750551,91.44877,2.082565,78.23983,4.903219,43.59241,7.980826
29-Jun,0,0,0.033778,0.130821,6.174545,4.829644,73.2448,10.192957,84.50833,3.507169,89.93088,2.569725,77.09267,4.548596,43.05667,7.542514
30-Jun,0,0,0,0,5.449747,4.264207,71.8632,10.81283,83.17917,4.037385,89.38,2.624423,74.543,5.256451,42.27352,7.663201
1-Jul,0,0,0,0,4.252374,3.82504,71.2168,11.41532,82.91333,4.218229,87.97667,2.448324,72.90317,5.02193,40.94481,7.703731
2-Jul,0,0,0,0,3.483939,3.461225,70.6192,12.193716,82.56375,3.519566,86.89807,2.917129,70.34633,4.52644,40.16556,7.558863
3-Jul,0,0,0,0,2.973081,3.148989,69.1372,12.409867,81.125,3.44937,86.88772,3.149731,68.5125,4.045371,38.72019,7.562917
4-Jul,0,0,0,0,2.630556,3.038282,68.18573,12.99879,79.20583,3.5001,86.33737,3.267337,66.85983,4.360553,38.43944,7.437342
5-Jul,0,0,0,0,2.344141,2.821741,67.6152,13.944355,79.28208,3.799947,85.0914,3.442542,66.217,4.025536,35.73519,7.434762
6-Jul,0,0,0,0,1.950657,2.469279,67.46093,13.63661,79.18708,3.746437,85.18526,3.364261,65.5565,4.280467,34.55685,6.658871
7-Jul,0,0,0,0,1.587879,2.032734,66.27333,14.300218,79.09458,3.507907,84.28632,2.763964,64.42167,4.112068,34.39926,6.208077
8-Jul,0,0,0,0,1.350151,1.817327,65.02413,14.932523,77.6625,3.33558,82.81456,3.242252,64.31617,4.139809,33.54519,6.329793
9-Jul,0,0,0,0,1.175556,1.573129,63.5908,14.740016,77.28542,4.019285,81.49912,3.632437,63.32367,4.69257,33.19889,5.492657
10-Jul,0,0,0,0,1.038586,1.545693,62.77387,15.333073,76.81792,4.448015,80.64649,3.743024,63.72,4.676993,32.03815,5.375782
11-Jul,0,0,0,0,0.907071,1.449119,61.01373,15.582973,73.39458,4.082895,79.73439,3.733898,62.79867,4.582801,28.80148,5.673158
12-Jul,0,0,0,0,0.716111,1.236676,59.60187,14.919199,71.09583,4.323314,78.59965,3.578456,61.24433,4.779118,26.92833,6.226557
13-Jul,0,0,0,0,0.622273,1.182174,58.07387,15.080989,68.59708,5.111273,77.41298,3.865933,59.8325,4.929476,25.68574,5.666625
14-Jul,0,0,0,0,0.568838,1.266115,57.43933,15.371435,66.83083,5.460977,75.32316,4.150926,59.10933,5.007193,24.77556,5.680155
15-Jul,0,0,0,0,0.558939,1.319742,56.8992,15.989445,65.83542,4.941636,73.56018,4.624098,56.87,4.889847,23.49148,5.593597
16-Jul,0,0,0,0,0.620051,1.464124,56.15213,16.008728,65.16792,4.031605,71.91667,4.692716,54.81317,5.034469,22.32926,4.87483
17-Jul,0,0,0,0,0.577828,1.370316,53.2816,15.781692,63.29125,4.525244,69.14614,4.942015,52.543,5.727829,20.08389,4.178064
18-Jul,0,0,0.03,0.116189,0.44601,1.029796,51.05,14.748541,59.97708,4.689212,67.59263,5.655475,50.32933,5.594595,18.07259,3.80436
19-Jul,0,0,0.06,0.232379,0.294899,0.797041,49.424,14.468451,59.51417,3.673232,65.55702,6.062892,49.64067,5.371378,15.69759,2.919186
20-Jul,0,0,0.03,0.116189,0.174697,0.56956,47.52787,14.378577,58.69833,3.304753,63.43158,6.71451,48.82667,5.454978,14.67833,2.872863
21-Jul,0,0,0,0,0.14197,0.415723,45.3196,14.27622,57.27,3.461516,63.30544,6.338429,49.19433,5.585972,14.47222,3.632468
22-Jul,0,0,0,0,0.207525,0.51857,43.6936,13.802329,57.07125,2.630484,61.83772,6.968123,49.83133,5.429346,15.15111,3.646012
23-Jul,0,0,0,0,0.319899,0.889734,42.43627,13.371889,55.68417,2.669399,59.1807,7.358593,49.23383,5.557308,13.95685,3.053576
24-Jul,0,0,0,0,0.376313,1.135332,40.54387,12.865363,54.5925,2.271063,56.28439,7.61819,48.08967,5.487742,13.70704,3.240882
25-Jul,0,0,0,0,0.323939,0.979469,38.02613,12.208884,52.4575,2.422927,53.79211,6.934954,46.46483,4.659443,13.6613,2.644404
26-Jul,0,0,0,0,0.222929,0.722965,35.0268,12.218669,50.57875,2.847377,51.70211,7.902069,44.781,4.933212,14.46537,3.62014
27-Jul,0,0,0,0,0.157273,0.506573,33.0972,12.414979,50.47375,2.908683,51.50526,7.124189,43.51267,4.729166,14.15315,3.61169
28-Jul,0,0,0,0,0.182374,0.642413,33.4092,13.095403,50.685,2.654124,52.26333,7.694829,42.37433,4.896386,13.26444,3.661713
29-Jul,0,0,0,0,0.227071,0.814851,30.77747,12.537099,49.18542,2.682317,51.87018,7.975921,41.31717,4.247462,13.74759,3.962529
30-Jul,0,0,0,0,0.168939,0.649435,27.5552,11.862899,45.9725,2.434681,49.58754,7.479082,40.37667,3.799402,13.12426,4.015987
31-Jul,0,0,0,0,0.075152,0.330924,25.73493,11.825108,43.79417,2.6463,48.33158,8.270728,40.01433,3.94433,12.6737,3.890378
1-Aug,0,0,0,0,0.043131,0.218325,24.27733,12.323471,40.08292,2.899502,47.34228,8.733002,37.21583,4.044342,12.94778,3.664619
2-Aug,0,0,0,0,0.021566,0.109275,23.21693,12.401287,38.52,2.140833,46.29439,7.641802,35.71733,4.466043,11.95722,3.694344
3-Aug,0,0,0,0,0,0,20.692,11.989629,37.21792,2.112435,45.52053,7.531094,36.145,3.99791,11.31537,4.073162
4-Aug,0,0,0,0,0,0,20.26987,11.616654,36.01625,2.298447,44.72456,6.445622,35.58433,3.602071,12.82093,4.254144
5-Aug,0,0,0,0,0,0,19.31733,10.268816,32.10375,2.203404,44.03439,6.667119,35.43167,3.649419,13.09722,4.286641
6-Aug,0,0,0,0,0,0,19.03267,9.270127,31.60417,1.67551,42.20421,6.883121,32.68583,3.144305,12.44037,3.725412
7-Aug,0,0,0,0,0,0,18.3368,10.069896,31.04208,1.492832,41.01509,7.50454,30.53483,2.350519,12.30167,2.760121
8-Aug,0,0,0,0,0,0,17.5112,9.701784,28.99583,1.641634,39.5486,6.307379,30.27917,2.466615,12.29982,2.918432
9-Aug,0,0,0,0,0,0,17.24013,9.726294,25.89208,1.901425,37.15474,7.488549,29.79333,2.390956,12.52556,3.191722
10-Aug,0,0,0,0,0,0,16.94493,9.582108,26.34625,1.9356,35.27386,8.27294,29.23933,2.448162,11.52685,3.345682
11-Aug,0,0,0,0,0.022121,0.140247,16.5112,9.986867,25.95083,1.773572,34.68281,7.634001,27.70967,2.001241,11.28759,3.271873
12-Aug,0,0,0,0,0.053788,0.293297,16.48307,9.731288,24.0425,1.717909,32.24649,8.06321,27.27567,1.766866,11.33667,2.932727
13-Aug,0,0,0,0,0.041263,0.192328,16.41933,9.323313,23.02542,1.599124,30.69632,7.946938,26.44367,2.002017,11.76833,3.475853
14-Aug,0,0,0,0,0.009596,0.057267,15.3676,8.772779,22.06167,1.591395,28.8093,8.391203,26.01833,2.570397,12.94926,3.329798
15-Aug,0,0,0,0,0,0,13.92853,8.092681,20.12667,1.82639,26.05263,8.398789,25.19383,2.09525,13.5337,3.36331
16-Aug,0,0,0,0,0,0,14.02573,8.24423,18.43708,1.459021,23.94983,7.472162,24.5185,2.236307,13.41111,3.429248
17-Aug,0,0,0,0,0,0,14.34973,7.863334,17.87625,1.545541,21.79579,7.977398,23.807,2.648078,13.28759,3.728831
18-Aug,0,0,0,0,0,0,14.5732,7.723269,19.24333,1.651357,21.9686,7.885221,25.823,2.797825,14.8163,4.281968
19-Aug,0,0,0,0,0,0,14.17267,7.515085,19.96792,1.49317,21.45772,6.854847,24.782,2.438546,15.66667,3.410946
20-Aug,0,0,0,0,0.00399,0.032414,14.3048,7.390042,19.63208,1.312543,20.65439,6.433314,23.848,2.668497,15.43148,3.347607
21-Aug,0,0,0,0,0.01596,0.129656,14.38133,6.836725,18.14708,1.893205,20.30088,6.913609,23.08317,2.436479,15.01685,3.292092
22-Aug,0,0,0,0,0.033434,0.205838,14.35787,7.712713,17.30917,1.999396,19.17105,6.299634,22.93667,3.06972,14.86722,2.996969
23-Aug,0,0,0,0,0.03697,0.234776,14.23307,7.13889,16.38042,1.586707,18.96772,6.205073,22.32433,2.92653,15.60537,3.219074
24-Aug,0,0,0,0,0.036566,0.215408,14.09547,7.251508,15.06542,1.261507,19.07737,6.562492,21.698,2.710701,14.98111,3.000929
25-Aug,0,0,0,0,0.040051,0.228947,13.4596,6.628218,13.98625,1.20858,19.42737,6.467798,21.4835,2.928483,15.76648,2.722577
26-Aug,0,0,0,0,0.039293,0.224533,13.4252,6.872837,14.36875,1.48878,19.16421,6.141563,20.8355,3.075196,15.90278,2.785449
27-Aug,0,0,0,0,0.044596,0.254791,12.86653,6.791014,14.80292,0.876855,18.98825,5.807645,19.46467,3.528538,14.13741,2.825982
28-Aug,0,0,0,0,0.042778,0.244879,13.49187,7.000441,14.79167,0.869727,18.87877,5.839745,19.42717,3.06929,13.05463,2.617719
29-Aug,0,0,0,0,0.106616,0.395147,12.61587,6.429314,13.90083,0.913431,18.35509,5.39885,18.675,2.834225,13.98315,2.66776
30-Aug,0,0,0,0,0.078535,0.293468,11.9024,5.934833,13.05667,1.209476,16.82632,5.214131,17.96033,2.499462,13.16037,2.751747
31-Aug,0,0,0,0,0.087525,0.33372,12.0068,5.897823,12.40125,1.408529,15.97053,5.433526,17.6955,2.460897,12.74167,2.898307
1-Sep,0,0,0,0,0.263687,0.732433,12.482,5.836166,12.70583,1.935022,15.55439,5.35958,17.16233,1.937209,11.74611,1.798314
2-Sep,0,0,0,0,0.254091,0.703356,13.00147,5.795356,12.08833,1.759675,14.66474,5.24815,16.38317,2.089908,11.56259,2.06405
3-Sep,0,0,0,0,0.261212,0.720752,13.06693,6.172006,11.70917,1.475961,14.39,4.975911,15.743,1.881881,12.04444,2.467491
4-Sep,0,0,0,0,0.306869,0.787495,12.53213,6.32269,11.03125,1.410451,14.65754,5.479226,14.99883,1.781978,11.47907,2.376318
5-Sep,0,0,0,0,0.45303,0.926065,12.34493,6.669941,9.67125,1.09732,13.52386,5.310577,13.85733,2.094454,10.79519,2.38584
6-Sep,0,0,0,0,0.46096,0.880622,11.4964,6.536221,8.684583,0.958628,13.23825,5.128225,13.119,1.920746,10.26111,2.453809
7-Sep,0,0,0,0,0.428283,0.887085,10.70613,5.927628,8.799583,1.398606,13.12632,4.423862,13.468,1.836663,9.617963,2.41848
8-Sep,0,0,0,0,0.397879,0.85058,11.20613,5.923481,8.880833,1.364352,13.00158,3.880558,13.07583,1.763319,9.842222,2.425371
9-Sep,0,0,0,0,0.372929,0.897871,11.68733,6.082782,8.126666,1.381412,13.37632,3.982849,12.9335,1.883522,10.195,2.248504
10-Sep,0,0,0,0,0.32899,0.997178,11.32773,5.166558,7.802083,0.762425,12.39176,3.681671,11.76783,1.922835,9.887963,2.141532
11-Sep,0,0,0,0,0.237172,0.777712,10.3124,4.824762,7.76875,1.174235,11.58333,3.906544,10.85617,2.032327,9.858519,2.058044
12-Sep,0,0,0,0,0.177626,0.724449,9.888267,4.993207,7.979167,1.194567,11.26053,3.651277,10.31667,1.588678,9.961111,2.225372
13-Sep,0,0,0,0,0.162929,0.64557,9.368533,4.684475,8.2625,1.453463,12.06825,3.674648,11.77017,1.631709,10.64741,2.207511
14-Sep,0,0,0,0,0.247879,0.930097,10.33347,4.736265,8.142083,1.335687,12.81123,3.417997,13.63083,2.096499,10.98667,2.53265
15-Sep,0,0,0,0,0.373889,1.215068,10.91227,4.472231,8.402916,0.948662,12.39772,3.434187,12.37017,1.936588,11.27796,2.659919
16-Sep,0,0,0,0,0.369394,1.031191,11.718,4.497662,8.821667,0.742612,11.62158,3.692199,11.2925,2.233948,11.35685,3.492768
17-Sep,0,0,0,0,0.430606,1.004722,12.5136,4.835752,11.2875,0.889133,13.83105,3.853515,13.51633,2.64661,11.38444,3.560654
18-Sep,0,0,0,0,0.389343,0.907145,13.33893,4.946086,11.79375,0.813439,14.25912,4.089693,14.31167,2.387601,11.57037,3.488328
19-Sep,0,0,0,0,0.294192,0.843193,14.46013,5.271067,11.32458,0.868787,14.2214,4.444986,15.704,2.126884,11.755,3.693101
20-Sep,0,0,0,0,0.259848,0.825751,14.45347,5.421137,11.92833,0.922228,14.14298,4.722611,15.64783,2.481487,11.5063,3.620203
21-Sep,0,0,0,0,0.152929,0.523749,13.02933,5.162696,12.83958,1.055628,14.27386,4.608357,15.86417,2.325437,10.70537,3.296134
22-Sep,0,0,0,0,0.149192,0.593028,12.95267,5.595326,13.71458,1.391251,14.37386,4.880406,15.6595,2.1254,11.12037,3.48573
23-Sep,0,0,0,0,0.151667,0.567175,12.88373,5.296144,15.035,1.527005,14.95719,4.436761,15.38633,1.987358,11.47815,3.095016
24-Sep,0,0,0,0,0.048182,0.236541,13.33013,5.001536,15.54042,1.705031,15.48579,4.438924,15.70283,2.035318,11.22185,3.282794
25-Sep,0,0,0,0,0.096616,0.399342,13.30973,4.689213,16.44167,1.8797,16.93053,4.649412,16.09233,2.178112,10.43963,3.245478
26-Sep,0,0,0,0,0.157071,0.602926,13.332,4.283661,17.7025,2.295093,18.03035,4.758047,16.95417,2.430521,10.0787,3.49368
27-Sep,0,0,0,0,0.189545,0.703368,14.53813,4.769179,18.595,1.815524,19.05,5.231478,17.838,1.648609,10.81519,3.651829
28-Sep,0,0,0,0,0.245202,0.899559,17.0268,6.049112,19.17458,1.544768,20.83421,5.66833,18.14283,1.760534,12.54907,4.743345
29-Sep,0,0,0,0,0.183232,0.752067,16.72,5.792539,18.89333,1.793869,22.30246,5.934436,18.56083,2.096887,13.01315,5.13042
30-Sep,0,0,0,0,0.163182,0.565303,16.00947,5.30419,18.76417,2.424504,23.3214,6.346345,18.91983,2.49942,13.76241,5.159777
1-Oct,0,0,0,0,0.289495,0.926511,16.986,5.266488,20.10333,3.271356,24.55895,5.996911,19.99817,2.444689,14.08685,5.211257
2-Oct,0,0,0,0,0.413889,1.158296,18.1676,5.368566,21.17208,3.248992,27.04702,5.252891,22.26567,2.468216,14.41741,4.765068
3-Oct,0,0,0,0,0.52404,1.210093,18.12827,5.218746,21.39542,3.943813,29.10632,4.223031,23.09717,3.279874,16.30074,5.352487
4-Oct,0,0,0,0,0.621465,1.294921,18.45773,5.835627,21.4825,4.092655,29.52263,3.414207,23,2.771214,16.34389,5.473727
5-Oct,0,0,0,0,0.729242,1.219718,18.34893,5.719334,22.92708,4.093841,28.94544,4.10849,24.34233,2.849275,16.05593,5.606786
6-Oct,0,0,0,0,0.935455,1.497908,19.69187,6.415813,24.99917,3.131524,30.79105,4.092594,27.63017,3.289715,16.84148,5.84306
7-Oct,0,0,0,0,0.976111,1.431471,21.29333,6.507539,26.69458,3.65348,33.1407,4.409155,31.33267,4.060719,18.27407,6.37195
8-Oct,0,0,0,0,0.807273,1.295766,23.72533,5.726596,28.70083,4.020007,35.28316,3.244938,35.08367,3.518031,19.2163,6.822677
9-Oct,0,0,0,0,0.90303,1.403415,25.956,5.282614,28.855,4.186067,35.72895,2.672459,37.5595,2.993516,19.87185,6.140613
10-Oct,0,0,0,0,1.089192,1.778707,27.034,5.586078,29.96167,4.225592,35.24807,2.324226,39.16283,3.027451,22.06093,6.428399
11-Oct,0,0,0,0,1.037677,1.566715,26.75933,6.139322,30.98833,4.394862,37.21807,1.939132,40.60183,3.069069,22.50593,6.376089
12-Oct,0,0,0,0,0.908889,1.29295,25.83493,7.189739,31.7175,4.364257,38.61158,2.287036,42.55167,2.829287,25.79426,6.963753
13-Oct,0,0,0,0,1.025051,1.522234,25.4432,7.625269,32.51208,4.716092,39.31983,3.098245,45.58683,3.608261,28.84093,7.8571
14-Oct,0,0,0,0,0.921414,1.517399,26.5248,7.474441,34.14292,5.443458,42.14228,3.568363,48.59533,3.626265,28.36667,6.737485
15-Oct,0,0,0,0,1.132172,1.642242,26.6016,7.374709,34.70875,5.903356,44.74825,3.8422,54.497,4.025669,30.26333,7.407749
16-Oct,0,0,0,0,1.179495,1.559688,27.20373,7.083605,34.90667,6.477579,44.93614,4.043629,54.19267,3.815446,31.79907,7.824501
17-Oct,0,0,0,0,1.379444,1.836262,28.37547,6.624599,35.89042,5.91836,45.42404,3.739722,56.61667,2.670983,34.75333,8.364347
18-Oct,0,0,0,0,1.787828,1.911883,29.96533,6.247876,37.40333,6.06824,47.59877,5.037287,58.75567,3.162362,38.5413,9.539345
19-Oct,0,0,0.079778,0.137416,2.016414,1.88079,31.02373,5.937154,38.39375,5.610683,50.23123,4.90393,61.2285,3.608303,42.23407,10.486013
20-Oct,0,0,0.159778,0.275253,2.377172,2.335695,34.9712,6.339805,40.84375,6.304577,54.05912,5.170823,63.86683,3.214821,41.55037,9.907335
21-Oct,0,0,0.138444,0.248561,2.670252,2.494692,37.11133,7.149169,43.2475,6.301179,57.08825,4.864464,68.16367,3.38736,44.54982,9.961219
22-Oct,0,0,0.117111,0.244611,2.987677,2.390164,37.97933,7.025985,42.79292,6.701182,58.30667,4.772824,69.921,3.054532,48.51333,8.767683
23-Oct,0,0,0.088222,0.156159,3.499192,2.312162,39.40427,7.226097,44.74958,7.117641,59.44421,4.608935,69.4475,3.031882,50.95648,8.496856
24-Oct,0,0,0,0,3.866717,2.227378,39.75867,6.952933,47.93792,6.381921,60.87263,4.631279,70.67917,2.871367,53.92167,8.640357
25-Oct,0,0,0,0,2.96601,2.015676,41.756,7.258176,49.68458,5.939414,64.93158,4.643757,73.38517,2.37006,54.80537,8.318641
26-Oct,0,0,0,0,2.381313,2.336043,42.7488,7.691003,51.955,6.182142,69.75158,5.144105,77.374,1.584375,56.78222,9.161583
27-Oct,0,0,0.042,0.162665,3.168434,3.027032,44.08507,7.437148,53.68542,6.034601,72.75754,4.713297,80.0555,2.367814,60.18185,8.351511
28-Oct,0,0,0.031333,0.121353,4.022626,3.80475,45.38733,8.026514,55.39875,6.197529,74.81947,4.876788,80.3505,2.059479,63.26037,8.342229
29-Oct,0,0,0.033111,0.128239,4.332677,4.486846,45.18587,7.77216,54.65958,6.937567,77.62526,4.331644,81.08367,2.428954,66.45185,8.457735
30-Oct,0,0,0,0,4.815202,5.141378,44.54227,6.703464,54.72,6.767918,78.39719,4.363118,82.40433,2.76358,69.42148,6.985066
31-Oct,0.006769,0.054575,0,0,6.300707,5.602229,44.65387,6.698577,57.73042,6.221462,80.08912,3.851662,84.23667,2.29435,73.03167,6.288352
1-Nov,0.013538,0.109151,0.019556,0.075738,7.755606,5.410182,46.75747,7.079366,59.66917,6.388421,82.13491,3.404899,86.52433,2.224127,76.3263,5.455725
2-Nov,0.013744,0.110804,0.189556,0.364053,8.331616,5.261509,48.144,7.269451,61.17667,6.297813,83.98263,3.449437,88.77133,2.202283,81.1587,5.108364
3-Nov,0.013897,0.112045,0.396222,0.786834,8.913535,4.81636,48.68573,6.419747,62.24625,6.114264,86.27772,2.925592,90.7175,2.09105,84.67426,4.390584
4-Nov,0.01041,0.08393,0.575333,1.271247,10.2746,4.872678,50.9812,6.984527,63.59542,6.148322,86.52526,2.852399,90.54467,2.211801,86.29185,3.622061
5-Nov,0.013897,0.112045,0.618444,1.491759,12.14748,5.466932,52.3988,7.402751,65.51833,6.419811,86.62105,2.90981,90.10717,1.775662,85.79685,2.650234
6-Nov,0.017487,0.140986,0.478222,0.937525,13.76429,6.417595,55.05267,7.988374,69.5125,6.259287,87.17702,2.528971,90.59667,1.74754,87.14963,2.170592
7-Nov,0.011128,0.089718,0.713778,0.953066,16.72268,7.518054,58.064,8.160926,73.88,5.776676,89.59807,2.076312,91.59617,1.342645,89.11593,1.971565
8-Nov,0.024769,0.129601,0.956667,1.051354,18.32808,7.847862,60.04587,8.278156,77.50083,5.476618,91.05667,1.816783,92.83517,1.349802,90.55204,1.915158
9-Nov,0.064821,0.373077,1.289333,1.542687,18.19566,8.229707,61.7008,7.855172,77.50333,5.447067,91.61965,1.671415,92.93367,1.61576,91.985,1.502643
10-Nov,0.093846,0.424056,1.913556,1.981316,17.32061,8.162985,62.18627,7.652752,76.27792,5.533887,92.33684,1.449828,93.14967,1.239119,91.62537,0.817954
11-Nov,0.105231,0.392628,2.178667,2.298004,17.73288,8.329713,61.63213,6.721589,76.33917,5.481665,92.54403,1.466435,93.30983,1.432264,91.845,0.982882
12-Nov,0.128513,0.433093,3.194667,2.734346,19.94591,8.103611,64.05627,6.354567,76.66458,5.209699,92.33,1.590848,94.486,1.252193,92.46056,0.962496
13-Nov,0.165282,0.551915,4.182667,2.424102,23.1903,7.787417,66.0796,6.218339,80.11208,4.749109,93.81877,1.418684,94.86333,1.250703,93.60056,0.769751
14-Nov,0.158205,0.563239,4.802444,2.463516,26.40217,7.132265,68.242,6.846599,82.77417,4.600351,94.66702,1.382279,95.4805,0.941586,93.85444,0.881261
15-Nov,0.14559,0.559339,5.545556,2.836978,29.94874,6.840146,70.16027,6.79184,83.25292,4.689712,95.44474,1.015963,95.64717,0.868681,95.29519,0.887381
16-Nov,0.170718,0.748148,7.001778,2.78461,33.50818,7.11363,73.5304,6.745355,85.60042,4.570803,95.68842,0.930123,95.79417,0.800801,96.71463,0.773006
17-Nov,0.132769,0.714194,7.391111,2.973649,33.45778,7.940716,74.78293,7.002632,85.70667,4.952132,96.42123,0.9666,95.95117,0.741489,97.11907,0.570693
18-Nov,0.310872,0.967754,8.978667,2.640025,34.21136,8.862472,76.66867,6.775085,87.01375,3.853249,97.14421,0.702036,95.74767,0.780787,96.97204,0.489184
19-Nov,0.431333,1.203796,10.58911,2.523513,36.09404,9.492306,79.56947,6.789175,88.94833,3.078779,97.51018,0.792571,96.186,0.83187,97.84426,0.594106
20-Nov,0.621846,1.063119,11.13133,2.4805,37.97793,8.880147,80.83547,6.742826,88.91542,3.640453,97.23228,0.800629,96.0215,0.973068,97.7787,0.700425
21-Nov,0.877026,1.182834,11.58467,2.482636,39.09227,9.17364,81.6056,7.045004,90.05625,3.09827,97.74123,0.713688,96.05917,1.058366,97.78722,1.011063
22-Nov,1.297026,1.552373,15.14733,2.711135,40.26338,8.115241,81.9504,6.661479,90.61667,2.977362,97.73737,0.769111,96.71233,0.792971,98.56759,0.640843
23-Nov,1.889282,2.292564,18.00156,2.7943,41.87066,8.165045,81.86747,6.870053,90.95958,4.014489,98.09053,0.587968,97.02917,0.863961,98.80018,0.515951
24-Nov,2.393692,2.65749,20.51244,3.537484,46.26419,8.165129,82.1504,7.304969,90.9175,4.029483,97.58561,0.411032,96.1335,0.972747,98.6613,0.695958
25-Nov,3.188051,3.512099,24.48267,3.725447,51.65404,8.040043,84.24053,6.373113,92.10333,3.308642,97.63526,0.571293,95.6085,1.26623,98.09185,1.044587
26-Nov,4.396564,4.707272,29.78089,3.819356,56.70268,8.008738,85.6432,5.555029,93.63292,2.773837,97.57561,0.481888,95.908,1.166757,98.32185,0.826152
27-Nov,5.604667,5.388482,35.51889,4.097576,60.43,7.71018,87.48787,4.990039,95.15916,2.213232,97.70333,0.579863,95.831,0.895499,98.2887,0.727966
28-Nov,6.310564,5.979649,38.21489,4.006683,63.98874,6.936145,89.89573,4.008408,96.22583,1.507824,98.53561,0.356919,96.1065,0.868864,98.02037,0.890291
29-Nov,7.391744,6.154402,41.076,3.352167,65.97434,6.074129,90.73787,3.5878,96.67167,1.360784,98.85,0.32881,96.61217,0.822905,98.61,0.68343
30-Nov,8.35241,6.32742,44.958,3.313497,67.55177,4.877477,91.65827,3.547025,95.70292,1.831398,98.7193,0.415966,96.4695,1.015913,98.37963,0.750298
1-Dec,8.722872,6.828312,48.41,2.812794,70.46227,4.284291,92.61827,2.954931,94.935,1.932557,98.57544,0.469478,96.78683,0.829299,98.34852,0.769194
2-Dec,10.40097,6.356507,50.85378,2.995826,72.59167,3.921937,93.65733,1.855617,95.48042,1.418858,98.25088,0.357819,97.08983,0.572658,98.29778,0.633009
3-Dec,12.34785,6.920677,52.62022,3.297099,75.25227,3.944125,94.20507,2.004876,95.31042,1.772424,98.41,0.47288,97.43233,0.449439,98.69426,0.516811
4-Dec,13.70277,7.356422,55.19089,2.995041,77.98919,3.026681,94.336,2.806376,93.95625,2.470224,97.91386,0.372249,96.7845,0.54669,98.73167,0.597975
5-Dec,15.37826,7.766064,58.38644,2.887815,80.36091,2.773621,93.3956,3.5651,92.94667,3.409961,97.94246,0.722381,97.1465,0.546753,98.50389,0.680449
6-Dec,15.79241,7.655292,60.23711,2.741561,82.07167,2.269432,92.55347,3.774249,93.35584,3.188666,98.59491,0.399457,97.83184,0.30472,98.59297,0.792318
7-Dec,16.09174,8.23691,62.39489,2.116736,82.55561,2.101146,93.69133,3.327532,93.22542,3.286621,98.56369,0.395056,97.98067,0.443456,98.9437,0.647463
8-Dec,17.41656,7.745548,63.09311,1.755557,84.17015,2.447562,95.17853,3.132053,93.57625,3.099932,98.75105,0.376737,98.19683,0.39244,98.91611,0.620942
9-Dec,19.09856,7.291509,65.77889,2.290354,86.26424,2.802734,96.4884,2.64933,95.49458,2.349609,99.20456,0.278241,98.52267,0.387094,99.09685,0.499708
10-Dec,21.02354,7.794367,68.14556,2.147425,87.66934,2.407719,97.55053,2.256884,95.77667,2.117519,99.20667,0.357883,98.51133,0.222188,99.01944,0.580983
11-Dec,24.18262,8.612538,69.00489,2.450062,89.41743,1.742384,97.54187,2.000244,95.6125,2.077135,98.94702,0.315107,97.81333,0.340546,99.07,0.361529
12-Dec,26.46092,9.187284,70.94467,2.282016,90.38944,1.624814,97.18173,2.27063,95.39625,2.485113,98.60719,0.486703,97.97733,0.468771,98.86278,0.662964
13-Dec,28.72841,9.779548,73.31444,2.982208,91.74283,2.140782,97.43827,2.072701,95.02333,2.154063,98.93351,0.276587,98.21283,0.412198,99.06148,0.538353
14-Dec,30.53241,9.284195,75.54489,3.646595,92.56147,2.517868,97.88147,1.808418,95.73083,2.077839,99.03,0.314315,98.17417,0.456476,99.28944,0.317072
15-Dec,31.88103,8.644203,77.67022,3.284366,93.18086,2.247665,98.30373,1.332575,96.41792,1.775471,99.1179,0.27985,98.64233,0.365782,99.2687,0.389518
16-Dec,33.0999,8.348254,79.29533,2.643689,93.54727,2.357444,98.3716,1.422747,96.79792,1.727039,99.38509,0.19087,98.81033,0.367921,99.57963,0.303103
17-Dec,33.16021,9.19436,81.36933,3.051662,94.29546,2.08109,98.02533,1.819834,95.45167,2.256468,99.37193,0.190336,98.62183,0.394251,99.61185,0.416106
18-Dec,33.43887,9.74256,82.11178,3.337086,94.80111,1.767634,98.042,2.026155,95.21625,2.356551,99.24947,0.298499,98.67383,0.7899,99.33778,0.432246
19-Dec,34.89467,10.381919,81.68289,3.013943,95.16136,1.575087,97.68093,2.073222,94.82833,2.156733,98.97211,0.330042,98.68217,0.445508,99.01407,0.609398
20-Dec,36.29908,10.013292,80.55733,3.799999,95.19429,2.447726,97.56987,1.372101,95.08,2.306982,99.17421,0.407086,98.72283,0.482552,98.86222,0.737007
21-Dec,38.11415,9.842202,80.18778,4.795798,95.72121,2.694633,97.29947,1.497804,95.13042,2.261364,99.07298,0.293478,98.48117,0.443148,98.99815,0.506305
22-Dec,40.5441,9.566308,82.072,4.584531,96.07727,2.256519,97.48947,1.530503,96.02958,1.789749,99.11877,0.337057,98.792,0.220921,98.79352,0.644483
23-Dec,42.7418,9.613646,82.25489,3.238865,96.11182,1.7049,97.77267,1.591693,96.31792,1.563613,99.17912,0.273338,99.1265,0.266753,98.24426,0.707917
24-Dec,45.6678,9.751681,83.34845,3.151908,96.67217,1.202475,97.76094,1.430184,96.53417,1.392038,99.26561,0.246855,98.81633,0.325041,98.58093,0.834976
25-Dec,50.37564,9.5571,84.724,2.107082,96.88606,0.890073,97.8516,1.330291,97.09042,1.558701,99.28982,0.204793,98.71033,0.358914,98.95463,0.67915
26-Dec,53.98821,9.73851,86.18844,1.831522,97.25742,1.087361,98.13027,1.265286,96.925,1.487597,99.37439,0.239076,98.87483,0.262043,99.08222,0.538645
27-Dec,56.47339,9.297395,87.614,1.1223,97.53051,1.348425,98.3328,0.809599,96.54375,1.492913,99.16123,0.191611,98.849,0.327081,98.95,0.847202
28-Dec,57.72903,9.148728,88.09089,1.068518,97.74232,0.953927,98.43947,0.951087,96.75208,0.986643,99.15088,0.274386,99.03317,0.3678,98.85574,0.926602
29-Dec,59.14697,9.800788,88.39022,1.392356,97.86222,0.862954,98.23827,1.206348,96.09333,1.16275,99.30526,0.272528,99.11433,0.317006,99.1313,0.758614
30-Dec,60.84231,10.604944,89.20178,1.430127,98.08556,0.842463,97.7108,1.685486,95.30917,1.940631,99.23772,0.293736,98.39333,0.364377,99.15796,0.488961
31-Dec,62.76241,10.950657,90.64645,1.183224,98.33263,0.867521,97.60733,1.781021,95.27583,2.196465,99.27228,0.33055,97.98484,0.432673,99.27,0.506089